{
    "epoch": "16/20",
    "best_epoch": 16,
    "max_gpu_mem": "6.7894",
    "cur_ram": "1.8730",
    "time_epoch": "0:02:29",
    "time_total": "0:40:19",
    "best_train_intent_loss": 0.1777145371790508,
    "best_train_slots_loss": 0.07165414967373634,
    "train_intent_loss": 0.1777145371790508,
    "train_slots_loss": 0.07165414967373634,
    "best_train_sum": 1.9753208547863788,
    "train_sum": 1.9753208547863788,
    "best_dev_intent_loss": 3.7958155618980527,
    "best_dev_slots_loss": 0.5220610483549535,
    "dev_intent_loss": 3.7958155618980527,
    "dev_slots_loss": 0.5220610483549535,
    "best_dev_sum": 1.8662300975860298,
    "dev_sum": 1.8662300975860298,
    "best_train_intent_accuracy": 0.9981882811604174,
    "best_train_slots_accuracy": 0.9771325736259614,
    "train_intent_accuracy": 0.9981882811604174,
    "train_slots_accuracy": 0.9771325736259614,
    "best_dev_intent_accuracy": 0.9833333333333333,
    "best_dev_slots_accuracy": 0.8828967642526965,
    "dev_intent_accuracy": 0.9833333333333333,
    "dev_slots_accuracy": 0.8828967642526965
}